participant_id	age	sex	hand	weight	height	group	species	bci_experience
sub-1	20.71	n/a	R	n/a	n/a	healthy	homo sapiens	naive
sub-10	20.71	n/a	R	n/a	n/a	healthy	homo sapiens	naive
sub-11	20.71	n/a	R	n/a	n/a	healthy	homo sapiens	naive
sub-12	20.71	n/a	R	n/a	n/a	healthy	homo sapiens	naive
sub-13	20.71	n/a	R	n/a	n/a	healthy	homo sapiens	naive
sub-14	20.71	n/a	R	n/a	n/a	healthy	homo sapiens	naive
sub-15	20.71	n/a	R	n/a	n/a	healthy	homo sapiens	naive
sub-16	20.71	n/a	R	n/a	n/a	healthy	homo sapiens	naive
sub-17	20.71	n/a	R	n/a	n/a	healthy	homo sapiens	naive
sub-18	20.71	n/a	R	n/a	n/a	healthy	homo sapiens	naive
sub-19	20.71	n/a	R	n/a	n/a	healthy	homo sapiens	naive
sub-2	20.71	n/a	R	n/a	n/a	healthy	homo sapiens	naive
sub-20	20.71	n/a	R	n/a	n/a	healthy	homo sapiens	naive
sub-21	20.71	n/a	R	n/a	n/a	healthy	homo sapiens	naive
sub-22	20.71	n/a	R	n/a	n/a	healthy	homo sapiens	naive
sub-23	20.71	n/a	R	n/a	n/a	healthy	homo sapiens	naive
sub-24	20.71	n/a	R	n/a	n/a	healthy	homo sapiens	naive
sub-25	20.71	n/a	R	n/a	n/a	healthy	homo sapiens	naive
sub-26	20.71	n/a	R	n/a	n/a	healthy	homo sapiens	naive
sub-27	20.71	n/a	R	n/a	n/a	healthy	homo sapiens	naive
sub-28	20.71	n/a	R	n/a	n/a	healthy	homo sapiens	naive
sub-29	20.71	n/a	R	n/a	n/a	healthy	homo sapiens	naive
sub-3	20.71	n/a	R	n/a	n/a	healthy	homo sapiens	naive
sub-30	20.71	n/a	R	n/a	n/a	healthy	homo sapiens	naive
sub-31	20.71	n/a	R	n/a	n/a	healthy	homo sapiens	naive
sub-32	20.71	n/a	R	n/a	n/a	healthy	homo sapiens	naive
sub-33	20.71	n/a	R	n/a	n/a	healthy	homo sapiens	naive
sub-34	20.71	n/a	R	n/a	n/a	healthy	homo sapiens	naive
sub-35	20.71	n/a	R	n/a	n/a	healthy	homo sapiens	naive
sub-36	20.71	n/a	R	n/a	n/a	healthy	homo sapiens	naive
sub-37	20.71	n/a	R	n/a	n/a	healthy	homo sapiens	naive
sub-38	20.71	n/a	R	n/a	n/a	healthy	homo sapiens	naive
sub-39	20.71	n/a	R	n/a	n/a	healthy	homo sapiens	naive
sub-4	20.71	n/a	R	n/a	n/a	healthy	homo sapiens	naive
sub-40	20.71	n/a	R	n/a	n/a	healthy	homo sapiens	naive
sub-41	20.71	n/a	R	n/a	n/a	healthy	homo sapiens	naive
sub-42	20.71	n/a	R	n/a	n/a	healthy	homo sapiens	naive
sub-43	20.71	n/a	R	n/a	n/a	healthy	homo sapiens	naive
sub-44	20.71	n/a	R	n/a	n/a	healthy	homo sapiens	naive
sub-45	20.71	n/a	R	n/a	n/a	healthy	homo sapiens	naive
sub-46	20.71	n/a	R	n/a	n/a	healthy	homo sapiens	naive
sub-47	20.71	n/a	R	n/a	n/a	healthy	homo sapiens	naive
sub-48	20.71	n/a	R	n/a	n/a	healthy	homo sapiens	naive
sub-49	20.71	n/a	R	n/a	n/a	healthy	homo sapiens	naive
sub-5	20.71	n/a	R	n/a	n/a	healthy	homo sapiens	naive
sub-50	20.71	n/a	R	n/a	n/a	healthy	homo sapiens	naive
sub-51	20.71	n/a	R	n/a	n/a	healthy	homo sapiens	naive
sub-52	20.71	n/a	R	n/a	n/a	healthy	homo sapiens	naive
sub-53	20.71	n/a	R	n/a	n/a	healthy	homo sapiens	naive
sub-54	20.71	n/a	R	n/a	n/a	healthy	homo sapiens	naive
sub-55	20.71	n/a	R	n/a	n/a	healthy	homo sapiens	naive
sub-6	20.71	n/a	R	n/a	n/a	healthy	homo sapiens	naive
sub-7	20.71	n/a	R	n/a	n/a	healthy	homo sapiens	naive
sub-8	20.71	n/a	R	n/a	n/a	healthy	homo sapiens	naive
sub-9	20.71	n/a	R	n/a	n/a	healthy	homo sapiens	naive
