onset	duration	trial_type	value	sample
2.996	4.996	left_hand	2	749
8.0	0.0	EDGE boundary	1	2000
10.996	4.996	right_hand	3	2749
16.0	0.0	EDGE boundary	1	4000
18.996	4.996	left_hand	2	4749
24.0	0.0	EDGE boundary	1	6000
26.996	4.996	left_hand	2	6749
32.0	0.0	EDGE boundary	1	8000
34.996	4.996	right_hand	3	8749
40.0	0.0	EDGE boundary	1	10000
42.996	4.996	left_hand	2	10749
48.0	0.0	EDGE boundary	1	12000
50.996	4.996	right_hand	3	12749
56.0	0.0	EDGE boundary	1	14000
58.996	4.996	left_hand	2	14749
64.0	0.0	EDGE boundary	1	16000
66.996	4.996	left_hand	2	16749
72.0	0.0	EDGE boundary	1	18000
74.996	4.996	left_hand	2	18749
80.0	0.0	EDGE boundary	1	20000
82.996	4.996	right_hand	3	20749
88.0	0.0	EDGE boundary	1	22000
90.996	4.996	left_hand	2	22749
96.0	0.0	EDGE boundary	1	24000
98.996	4.996	left_hand	2	24749
104.0	0.0	EDGE boundary	1	26000
106.996	4.996	right_hand	3	26749
112.0	0.0	EDGE boundary	1	28000
114.996	4.996	left_hand	2	28749
120.0	0.0	EDGE boundary	1	30000
122.996	4.996	left_hand	2	30749
128.0	0.0	EDGE boundary	1	32000
130.996	4.996	right_hand	3	32749
136.0	0.0	EDGE boundary	1	34000
138.996	4.996	right_hand	3	34749
144.0	0.0	EDGE boundary	1	36000
146.996	4.996	right_hand	3	36749
152.0	0.0	EDGE boundary	1	38000
154.996	4.996	left_hand	2	38749
160.0	0.0	EDGE boundary	1	40000
162.996	4.996	right_hand	3	40749
168.0	0.0	EDGE boundary	1	42000
170.996	4.996	right_hand	3	42749
176.0	0.0	EDGE boundary	1	44000
178.996	4.996	right_hand	3	44749
184.0	0.0	EDGE boundary	1	46000
186.996	4.996	left_hand	2	46749
192.0	0.0	EDGE boundary	1	48000
194.996	4.996	left_hand	2	48749
200.0	0.0	EDGE boundary	1	50000
202.996	4.996	right_hand	3	50749
208.0	0.0	EDGE boundary	1	52000
210.996	4.996	left_hand	2	52749
216.0	0.0	EDGE boundary	1	54000
218.996	4.996	right_hand	3	54749
224.0	0.0	EDGE boundary	1	56000
226.996	4.996	right_hand	3	56749
232.0	0.0	EDGE boundary	1	58000
234.996	4.996	left_hand	2	58749
240.0	0.0	EDGE boundary	1	60000
242.996	4.996	right_hand	3	60749
248.0	0.0	EDGE boundary	1	62000
250.996	4.996	right_hand	3	62749
256.0	0.0	EDGE boundary	1	64000
258.996	4.996	right_hand	3	64749
264.0	0.0	EDGE boundary	1	66000
266.996	4.996	left_hand	2	66749
272.0	0.0	EDGE boundary	1	68000
274.996	4.996	left_hand	2	68749
280.0	0.0	EDGE boundary	1	70000
282.996	4.996	right_hand	3	70749
288.0	0.0	EDGE boundary	1	72000
290.996	4.996	left_hand	2	72749
296.0	0.0	EDGE boundary	1	74000
298.996	4.996	left_hand	2	74749
304.0	0.0	EDGE boundary	1	76000
306.996	4.996	right_hand	3	76749
312.0	0.0	EDGE boundary	1	78000
314.996	4.996	right_hand	3	78749
